-- ================================================================
-- Guimall 测试数据
-- ================================================================
SET NAMES utf8mb4;
SET FOREIGN_KEY_CHECKS = 0;

-- 农户数据
INSERT INTO `pms_farmer` (`id`,`name`,`phone`,`id_card`,`farm_name`,`province`,`city`,`region`,`detail_address`,`main_product`,`description`,`status`) VALUES
(1, '张建国', '13978001001', '450303198501011234', '荔浦芋头示范基地', '广西壮族自治区', '桂林市', '荔浦市', '荔浦市双江镇大塘村', '荔浦芋头、荔浦马蹄', '从事荔浦芋头种植20余年，基地面积200亩，获得国家绿色食品认证，年产量超150吨。', 1),
(2, '李秀英', '13978001002', '450321199002022345', '阳朔金桔生态园', '广西壮族自治区', '桂林市', '阳朔县', '阳朔县白沙镇古板村', '阳朔金桔、沙田柚', '阳朔本地金桔种植户，采用生态种植方式，无农药残留，金桔色泽金黄、皮薄汁多。', 1),
(3, '周文华', '13978001003', '450323197803033456', '永福罗汉果专业合作社', '广西壮族自治区', '桂林市', '永福县', '永福县堡里乡福寿村', '永福罗汉果', '永福道地罗汉果种植传承人，合作社成员120户，年产罗汉果800万个，远销东南亚。', 1),
(4, '蒋桂花', '13978001004', '450328198606044567', '恭城月柿农庄', '广西壮族自治区', '桂林市', '恭城瑶族自治县', '恭城县莲花镇栗木村', '恭城月柿、脆柿', '恭城瑶族月柿种植第三代传人，柿园面积80亩，所产月柿晶莹剔透、口感极佳。', 1),
(5, '唐志强', '13978001005', '450305199105055678', '桂林有机蔬菜基地', '广西壮族自治区', '桂林市', '临桂区', '临桂区四塘镇官庄村', '有机蔬菜、番茄、辣椒', '专注有机蔬菜种植，获有机农产品认证，供应桂林市区各大商超。', 1);

-- 商品数据
INSERT INTO `pms_product` (`id`,`product_category_id`,`farmer_id`,`product_sn`,`name`,`sub_title`,`pic`,`album_pics`,`description`,`price`,`market_price`,`promotion_price`,`stock`,`low_stock`,`unit`,`weight`,`publish_status`,`is_new`,`is_recommend`,`sort`,`sale`) VALUES
(1, 13, 1, 'LP-YT-001', '荔浦芋头 新鲜现挖', '国家地理标志产品 · 漓江流域富硒红壤种植', 'https://images.unsplash.com/photo-1567306226416-28f0efdc88ce?w=600&q=80', 'https://images.unsplash.com/photo-1567306226416-28f0efdc88ce?w=600&q=80', '<p>荔浦芋头，国家地理标志保护产品，产自广西桂林荔浦市，漓江流域肥沃红壤种植，肉质细腻、香气浓郁。</p>', 38.00, 55.00, 32.00, 500, 50, '斤', 2.50, 1, 1, 1, 10, 328),
(2, 13, 1, 'LP-YT-002', '荔浦芋头礼盒装 5斤', '送礼优选 · 精品挑选 · 真空锁鲜', 'https://images.unsplash.com/photo-1576045057995-568f588f82fb?w=600&q=80', 'https://images.unsplash.com/photo-1576045057995-568f588f82fb?w=600&q=80', '<p>精选荔浦芋头礼盒，5斤装，真空包装，适合送礼或自用。</p>', 88.00, 120.00, NULL, 200, 20, '盒', 5.00, 1, 0, 1, 8, 156),
(3, 10, 2, 'YS-JJ-001', '阳朔滑皮金桔 新鲜现摘', '皮薄汁多 · 甜而不酸 · 阳朔特产', 'https://images.unsplash.com/photo-1548164723-63d3c0bee5f6?w=600&q=80', 'https://images.unsplash.com/photo-1548164723-63d3c0bee5f6?w=600&q=80', '<p>阳朔金桔，皮薄汁多，甜而不酸，现摘现发，产地直供。</p>', 28.00, 40.00, 24.00, 800, 100, '斤', 1.00, 1, 1, 0, 9, 512),
(4, 10, 2, 'YS-JJ-002', '阳朔金桔礼盒 10斤装', '优质金桔礼盒 · 产地直发 · 顺丰包邮', 'https://images.unsplash.com/photo-1611080626919-7cf5a9dbab12?w=600&q=80', 'https://images.unsplash.com/photo-1611080626919-7cf5a9dbab12?w=600&q=80', '<p>阳朔金桔礼盒10斤，精品挑选，适合商务送礼。</p>', 128.00, 168.00, NULL, 300, 30, '盒', 10.00, 1, 0, 0, 7, 89),
(5, 14, 3, 'YF-LHG-001', '永福罗汉果 大果型', '道地药材 · 养生佳品 · 长寿之乡出品', 'https://images.unsplash.com/photo-1519996529931-28324d5a630e?w=600&q=80', 'https://images.unsplash.com/photo-1519996529931-28324d5a630e?w=600&q=80', '<p>永福道地罗汉果，长寿之乡出品，清热润肺，适合泡茶饮用。</p>', 45.00, 68.00, 39.00, 600, 60, '盒', 0.50, 1, 1, 1, 6, 276),
(6, 12, 1, 'LP-MT-001', '荔浦马蹄 新鲜脆甜', '清甜爽脆 · 沿河低洼水田种植', 'https://images.unsplash.com/photo-1558618666-fcd25c85cd64?w=600&q=80', 'https://images.unsplash.com/photo-1558618666-fcd25c85cd64?w=600&q=80', '<p>荔浦马蹄，沿河低洼水田种植，个大皮薄，清甜爽脆。</p>', 12.00, 18.00, NULL, 1000, 100, '袋', 2.00, 1, 0, 1, 5, 198),
(7, 15, 5, 'GL-MF-001', '桂林米粉礼盒 正宗干米粉', '百年老字号工艺 · 桂林人的乡愁', 'https://images.unsplash.com/photo-1569050467447-ce54b3bbc37d?w=600&q=80', 'https://images.unsplash.com/photo-1569050467447-ce54b3bbc37d?w=600&q=80', '<p>正宗桂林米粉，采用传统工艺制作，圆润细腻，煮后不糊汤。</p>', 36.00, 48.00, 29.00, 400, 40, '盒', 1.50, 1, 0, 0, 4, 145),
(8, 4, 4, 'GC-YS-001', '恭城月柿 自然晾晒', '千年瑶乡秘法 · 晶莹剔透 · 入口即化', 'https://images.unsplash.com/photo-1579613832125-5d34a13ffe2a?w=600&q=80', 'https://images.unsplash.com/photo-1579613832125-5d34a13ffe2a?w=600&q=80', '<p>恭城月柿，传统晾晒工艺，柿霜厚实，甜糯软滑，营养丰富。</p>', 52.00, 72.00, 45.00, 350, 35, '盒', 2.00, 1, 1, 1, 3, 203),
(9, 7, 5, 'GL-SC-001', '桂林有机圣女果', '有机认证 · 产地直供 · 酸甜可口', 'https://images.unsplash.com/photo-1592924357228-91a4daadcfea?w=600&q=80', 'https://images.unsplash.com/photo-1592924357228-91a4daadcfea?w=600&q=80', '<p>桂林有机圣女果，有机认证，酸甜可口，富含维生素C。</p>', 18.00, 25.00, NULL, 700, 70, '斤', 1.00, 1, 0, 0, 2, 87),
(10, 9, 2, 'GL-STJ-001', '桂林砂糖橘 蜜甜无核', '化渣极好 · 入口即甜 · 桂林特产', 'https://images.unsplash.com/photo-1547514701-42782101795e?w=600&q=80', 'https://images.unsplash.com/photo-1547514701-42782101795e?w=600&q=80', '<p>桂林砂糖橘，化渣极好，甜度高无核，老少皆宜。</p>', 22.00, 32.00, 18.00, 900, 90, '斤', 1.00, 1, 1, 1, 1, 445);

-- SKU数据
INSERT INTO `pms_sku_stock` (`product_id`,`sku_code`,`price`,`promotion_price`,`stock`,`low_stock`,`lock_stock`,`sale`,`sp_data`) VALUES
(1, 'LP-YT-001-3J',  38.00, 32.00, 200, 20, 0, 180, '[{"key":"重量","value":"3斤"}]'),
(1, 'LP-YT-001-5J',  58.00, 49.00, 200, 20, 0, 148, '[{"key":"重量","value":"5斤"}]'),
(1, 'LP-YT-001-10J', 108.00, 92.00, 100, 10, 0, 0,  '[{"key":"重量","value":"10斤"}]'),
(3, 'YS-JJ-001-3J',  28.00, 24.00, 400, 40, 0, 256, '[{"key":"重量","value":"3斤"}]'),
(3, 'YS-JJ-001-5J',  42.00, 36.00, 400, 40, 0, 256, '[{"key":"重量","value":"5斤"}]'),
(5, 'YF-LHG-001-10', 45.00, 39.00, 300, 30, 0, 150, '[{"key":"规格","value":"10个装"}]'),
(5, 'YF-LHG-001-20', 82.00, 72.00, 300, 30, 0, 126, '[{"key":"规格","value":"20个装"}]'),
(10,'GL-STJ-001-5J',  22.00, 18.00, 500, 50, 0, 280, '[{"key":"重量","value":"5斤"}]'),
(10,'GL-STJ-001-10J', 40.00, 34.00, 400, 40, 0, 165, '[{"key":"重量","value":"10斤"}]');

-- 首页广告轮播
INSERT INTO `sms_home_advertise` (`name`,`type`,`pic`,`url`,`sort`,`status`) VALUES
('荔浦芋头 地理标志产品', 0, 'https://images.unsplash.com/photo-1500382017468-9049fed747ef?w=1200&q=80', '/category?categoryId=13', 1, 1),
('阳朔金桔 产地直供', 0, 'https://images.unsplash.com/photo-1464226184884-fa280b87c399?w=1200&q=80', '/category?categoryId=10', 2, 1),
('永福罗汉果 道地养生', 0, 'https://images.unsplash.com/photo-1523741543316-beb7fc7023d8?w=1200&q=80', '/category?categoryId=14', 3, 1);

-- 新品推荐
INSERT INTO `sms_home_new_product` (`product_id`,`product_name`,`sort`,`recommend_status`) VALUES
(1, '荔浦芋头 新鲜现挖', 1, 1),
(3, '阳朔滑皮金桔 新鲜现摘', 2, 1),
(5, '永福罗汉果 大果型', 3, 1),
(8, '恭城月柿 自然晾晒', 4, 1);

-- 人气推荐
INSERT INTO `sms_home_recommend_product` (`product_id`,`product_name`,`sort`,`recommend_status`) VALUES
(10, '桂林砂糖橘 蜜甜无核', 1, 1),
(1,  '荔浦芋头 新鲜现挖',   2, 1),
(3,  '阳朔滑皮金桔 新鲜现摘', 3, 1),
(6,  '荔浦马蹄 新鲜脆甜',   4, 1);

-- 溯源产品-产地关联
INSERT INTO `trace_product_origin` (`product_id`,`origin_id`,`is_primary`) VALUES
(1, 1, 1),
(2, 1, 1),
(3, 2, 1),
(4, 2, 1),
(5, 3, 1),
(6, 5, 1),
(8, 4, 1),
(10,2, 1);

-- 溯源二维码
INSERT INTO `trace_qrcode` (`product_id`,`trace_url`,`scan_count`) VALUES
(1, 'http://localhost:5173/#/trace/1', 128),
(2, 'http://localhost:5173/#/trace/2', 45),
(3, 'http://localhost:5173/#/trace/3', 312),
(5, 'http://localhost:5173/#/trace/5', 89),
(10,'http://localhost:5173/#/trace/10', 203);

-- 溯源记录（商品1 荔浦芋头完整时间线）
INSERT INTO `trace_record` (`product_id`,`farmer_id`,`record_type`,`content`,`record_time`) VALUES
(1, 1, '播种', '选用优质荔浦芋头种苗，株行距50cm×60cm，施足基肥（农家肥+复合肥），完成整地起垄播种。', '2025-03-15 08:00:00'),
(1, 1, '施肥', '追施有机肥（腐熟猪粪）一次，配合叶面喷施微量元素肥，促进块茎膨大，全程不施化学农药。', '2025-05-20 09:00:00'),
(1, 1, '灌溉', '采用沟灌方式补水，保持田间湿润，并对病虫害进行人工物理防治，田间生长状况良好。', '2025-07-10 07:30:00'),
(1, 1, '采摘', '人工逐株采收，鲜芋头经初步清洗分级，平均单个重量1.2-2.5kg，外观圆润、切面紫色纹路清晰。', '2025-10-08 06:00:00'),
(1, 1, '检测', '送样至广西农科院检测中心，检测报告显示：农药残留未检出，重金属含量符合GB2762标准，品质优良。', '2025-10-12 14:00:00'),
(1, 1, '入库', '完成预冷处理后入恒温仓库（温度8-12°C，湿度85%），出库前完成二次抽检，附溯源二维码包装出仓。', '2025-10-15 10:00:00');

-- 溯源记录（商品3 阳朔金桔）
INSERT INTO `trace_record` (`product_id`,`farmer_id`,`record_type`,`content`,`record_time`) VALUES
(3, 2, '播种', '采用嫁接苗定植，选择阳朔县白沙镇沿江地块，土壤pH值5.5-6.5，排水良好。', '2024-03-01 08:00:00'),
(3, 2, '施肥', '施用腐熟有机肥，配合桂林本地草木灰，增强果实甜度和色泽，全程不使用膨大剂。', '2024-06-15 09:00:00'),
(3, 2, '采摘', '人工采摘，选择晴天上午进行，避免露水导致腐烂。每颗金桔均达到一级品标准：直径≥2.8cm，糖度≥12°Brix。', '2024-12-10 07:00:00'),
(3, 2, '检测', '委托桂林市质量检测院检测，农残全部合格，维生素C含量为普通橙子的3倍。', '2024-12-12 10:00:00'),
(3, 2, '包装发货', '冷链打包，泡沫箱+保鲜膜，确保48小时内送达，保质期7天。', '2024-12-14 06:00:00');

-- 优惠券测试数据
INSERT INTO `sms_coupon` (`name`,`type`,`amount`,`min_amount`,`per_limit`,`total_count`,`receive_count`,`use_count`,`start_time`,`end_time`,`status`,`note`) VALUES
('新人专享券', 0, 10.00, 50.00, 1, 1000, 128, 45, '2026-01-01 00:00:00', '2026-12-31 23:59:59', 1, '新注册会员专享，满50元可用'),
('农产品满减券', 0, 20.00, 100.00, 2, 500, 89, 32, '2026-01-01 00:00:00', '2026-06-30 23:59:59', 1, '全场满100减20'),
('桂林特产专享', 1, 15.00, 80.00, 1, 300, 56, 20, '2026-03-01 00:00:00', '2026-05-31 23:59:59', 1, '水果分类满80减15');

SET FOREIGN_KEY_CHECKS = 1;

-- SKU规格明细（对应 pms_sku_stock 中的 SKU，sku_id 对应自增主键顺序）
-- 注意：sku_id 依赖 pms_sku_stock 的自增主键，以下假设从1开始顺序插入
INSERT INTO `pms_sku_spec` (`sku_id`,`product_id`,`spec_key`,`spec_value`,`sort`) VALUES
-- 商品1 荔浦芋头 (sku_id: 1=3斤, 2=5斤, 3=10斤)
(1, 1, '重量', '3斤', 0),
(2, 1, '重量', '5斤', 0),
(3, 1, '重量', '10斤', 0),
-- 商品3 阳朔金桔 (sku_id: 4=3斤, 5=5斤)
(4, 3, '重量', '3斤', 0),
(5, 3, '重量', '5斤', 0),
-- 商品5 永福罗汉果 (sku_id: 6=10个, 7=20个)
(6, 5, '规格', '10个装', 0),
(7, 5, '规格', '20个装', 0),
-- 商品10 桂林砂糖橘 (sku_id: 8=5斤, 9=10斤)
(8, 10, '重量', '5斤', 0),
(9, 10, '重量', '10斤', 0);
